INSERT INTO Genres (genre_id, name) VALUES
    (1,  'Drama'),
    (2,  'Action'),
    (3,  'Sci-Fi'),
    (4,  'Thriller'),
    (5,  'Crime'),
    (6,  'Animation'),
    (7,  'Comedy'),
    (8,  'Western'),
    (9,  'Horror'),
    (10, 'War');

INSERT INTO Directors (director_id, name, nationality) VALUES
    (1,  'Frank Darabont',             'American'),
    (2,  'Francis Ford Coppola',       'American'),
    (3,  'Christopher Nolan',          'British'),
    (4,  'Sidney Lumet',               'American'),
    (5,  'Peter Jackson',              'New Zealander'),
    (6,  'Steven Spielberg',           'American'),
    (7,  'Quentin Tarantino',          'American'),
    (8,  'Sergio Leone',               'Italian'),
    (9,  'Robert Zemeckis',            'American'),
    (10, 'David Fincher',              'American'),
    (11, 'Irvin Kershner',             'American'),
    (12, 'Lana Wachowski',             'American'),
    (13, 'Martin Scorsese',            'American'),
    (14, 'Milos Forman',               'Czech'),
    (15, 'Jonathan Demme',             'American'),
    (16, 'Akira Kurosawa',             'Japanese'),
    (17, 'James Cameron',              'Canadian'),
    (18, 'George Lucas',               'American'),
    (19, 'Hayao Miyazaki',             'Japanese'),
    (20, 'Roman Polanski',             'Polish'),
    (21, 'Ridley Scott',               'British'),
    (22, 'Bong Joon-ho',               'South Korean'),
    (23, 'Isao Takahata',              'Japanese'),
    (24, 'Alfred Hitchcock',           'British'),
    (25, 'Masaki Kobayashi',           'Japanese'),
    (26, 'Damien Chazelle',            'American'),
    (27, 'Tony Kaye',                  'British'),
    (28, 'Luc Besson',                 'French'),
    (29, 'Giuseppe Tornatore',         'Italian'),
    (30, 'Michael Curtiz',             'Hungarian'),
    (31, 'Bryan Singer',               'American'),
    (32, 'Andrew Stanton',             'American'),
    (33, 'Billy Wilder',               'Austrian'),
    (34, 'Stanley Kubrick',            'American'),
    (35, 'Charles Chaplin',            'British'),
    (36, 'Vidhu Vinod Chopra',         'Indian'),
    (37, 'Gus Van Sant',               'American'),
    (38, 'Anthony Russo',              'American'),
    (39, 'Lee Unkrich',                'American'),
    (40, 'John Lasseter',              'American'),
    (41, 'Makoto Shinkai',             'Japanese'),
    (42, 'Wolfgang Petersen',          'German'),
    (43, 'Park Chan-wook',             'South Korean'),
    (44, 'Mel Gibson',                 'Australian'),
    (45, 'Rajkumar Hirani',            'Indian'),
    (46, 'Sam Mendes',                 'British'),
    (47, 'Drew Goddard',               'American'),
    (48, 'Nadine Labaki',              'Lebanese'),
    (49, 'Stanley Donen',              'American'),
    (50, 'Todd Phillips',              'American'),
    (51, 'Elem Klimov',                'Russian'),
    (52, 'Richard Marquand',           'British'),
    (53, 'Darren Aronofsky',           'American'),
    (54, 'Michel Gondry',              'French'),
    (55, 'Fernando Meirelles',         'Brazilian'),
    (56, 'Roberto Benigni',            'Italian'),
    (57, 'Florian von Donnersmarck',   'German'),
    (58, 'Thomas Vinterberg',          'Danish'),
    (59, 'Denis Villeneuve',           'Canadian'),
    (60, 'Frank Capra',                'American'),
    (61, 'Roger Allers',               'American'),
    (62, 'Joaquim Dos Santos',         'American'),
    (63, 'Olivier Nakache',            'French'),
    (64, 'Bob Persichetti',            'American');

INSERT INTO Movies (title, release_year, genre_id, director_id, duration_min, rating) VALUES
    ('The Shawshank Redemption',                                               1994,  1,  1, 142, 9.3),
    ('The Godfather',                                                          1972,  5,  2, 175, 9.2),
    ('The Dark Knight',                                                        2008,  2,  3, 152, 9.1),
    ('The Godfather Part II',                                                  1974,  5,  2, 202, 9.0),
    ('12 Angry Men',                                                           1957,  1,  4,  96, 9.0),
    ('The Lord of the Rings: The Return of the King',                          2003,  2,  5, 201, 9.0),
    ('Schindler''s List',                                                      1993,  1,  6, 195, 9.0),
    ('The Lord of the Rings: The Fellowship of the Ring',                      2001,  2,  5, 178, 8.9),
    ('Pulp Fiction',                                                           1994,  5,  7, 154, 8.8),
    ('The Good, the Bad and the Ugly',                                         1966,  8,  8, 178, 8.8),
    ('The Lord of the Rings: The Two Towers',                                  2002,  2,  5, 179, 8.8),
    ('Forrest Gump',                                                           1994,  1,  9, 142, 8.8),
    ('Fight Club',                                                             1999,  4, 10, 139, 8.8),
    ('Inception',                                                              2010,  3,  3, 148, 8.8),
    ('Star Wars: Episode V - The Empire Strikes Back',                         1980,  3, 11, 124, 8.7),
    ('The Matrix',                                                             1999,  3, 12, 136, 8.7),
    ('GoodFellas',                                                             1990,  5, 13, 145, 8.7),
    ('Interstellar',                                                           2014,  3,  3, 169, 8.7),
    ('One Flew Over the Cuckoo''s Nest',                                       1975,  1, 14, 133, 8.6),
    ('Seven',                                                                  1995,  4, 10, 127, 8.6),
    ('It''s a Wonderful Life',                                                 1946,  1, 60, 130, 8.6),
    ('The Silence of the Lambs',                                               1991,  4, 15, 118, 8.6),
    ('Seven Samurai',                                                          1954,  2, 16, 207, 8.6),
    ('Saving Private Ryan',                                                    1998, 10,  6, 169, 8.6),
    ('The Green Mile',                                                         1999,  1,  1, 189, 8.6),
    ('City of God',                                                            2002,  5, 55, 130, 8.6),
    ('Life Is Beautiful',                                                      1997,  1, 56, 116, 8.6),
    ('Terminator 2: Judgment Day',                                             1991,  2, 17, 137, 8.6),
    ('Star Wars: Episode IV - A New Hope',                                     1977,  3, 18, 121, 8.6),
    ('Back to the Future',                                                     1985,  3,  9, 116, 8.5),
    ('Spirited Away',                                                          2001,  6, 19, 124, 8.6),
    ('The Pianist',                                                            2002,  1, 20, 150, 8.5),
    ('Gladiator',                                                              2000,  2, 21, 155, 8.5),
    ('Parasite',                                                               2019,  4, 22, 132, 8.5),
    ('Grave of the Fireflies',                                                 1988,  6, 23,  88, 8.5),
    ('Psycho',                                                                 1960,  4, 24, 109, 8.5),
    ('The Lion King',                                                          1994,  6, 61,  88, 8.5),
    ('Harakiri',                                                               1962,  1, 25, 133, 8.6),
    ('The Departed',                                                           2006,  5, 13, 151, 8.5),
    ('Whiplash',                                                               2014,  1, 26, 106, 8.5),
    ('Kill Bill: The Whole Bloody Affair',                                     2004,  2,  7, 253, 8.8),
    ('The Prestige',                                                           2006,  4,  3, 130, 8.5),
    ('American History X',                                                     1998,  1, 27, 119, 8.5),
    ('León: The Professional',                                                 1994,  2, 28, 110, 8.5),
    ('Spider-Man: Across the Spider-Verse',                                    2023,  6, 62, 140, 8.5),
    ('Cinema Paradiso',                                                        1988,  1, 29, 174, 8.5),
    ('Casablanca',                                                             1942,  1, 30, 102, 8.5),
    ('The Intouchables',                                                       2011,  1, 63, 112, 8.5),
    ('The Usual Suspects',                                                     1995,  4, 31, 106, 8.5),
    ('Alien',                                                                  1979,  3, 21, 117, 8.5),
    ('Django Unchained',                                                       2012,  8,  7, 165, 8.5),
    ('Modern Times',                                                           1936,  7, 35,  87, 8.5),
    ('Rear Window',                                                            1954,  4, 24, 112, 8.5),
    ('Once Upon a Time in the West',                                           1968,  8,  8, 145, 8.5),
    ('City Lights',                                                            1931,  7, 35,  87, 8.5),
    ('Apocalypse Now',                                                         1979, 10,  2, 147, 8.4),
    ('WALL·E',                                                                 2008,  6, 32,  98, 8.4),
    ('Memento',                                                                2000,  4,  3, 113, 8.4),
    ('Dune: Part Two',                                                         2024,  3, 59, 166, 8.4),
    ('Raiders of the Lost Ark',                                                1981,  2,  6, 115, 8.4),
    ('Avengers: Infinity War',                                                 2018,  2, 38, 149, 8.4),
    ('The Lives of Others',                                                    2006,  4, 57, 137, 8.4),
    ('Spider-Man: Into the Spider-Verse',                                      2018,  6, 64, 117, 8.4),
    ('Sunset Boulevard',                                                       1950,  1, 33, 110, 8.4),
    ('Witness for the Prosecution',                                            1957,  4, 33, 116, 8.4),
    ('Paths of Glory',                                                         1957, 10, 34,  88, 8.4),
    ('The Shining',                                                            1980,  9, 34, 146, 8.4),
    ('The Great Dictator',                                                     1940,  7, 35, 125, 8.4),
    ('Inglourious Basterds',                                                   2009, 10,  7, 153, 8.4),
    ('12th Fail',                                                              2023,  1, 36, 147, 8.7),
    ('Aliens',                                                                 1986,  3, 17, 137, 8.4),
    ('High and Low',                                                           1963,  4, 16, 143, 8.4),
    ('Good Will Hunting',                                                      1997,  1, 37, 126, 8.4),
    ('Avengers: Endgame',                                                      2019,  2, 38, 181, 8.4),
    ('The Dark Knight Rises',                                                  2012,  2,  3, 164, 8.4),
    ('Coco',                                                                   2017,  6, 39, 105, 8.4),
    ('Amadeus',                                                                1984,  1, 14, 160, 8.4),
    ('Toy Story',                                                              1995,  6, 40,  81, 8.3),
    ('Your Name.',                                                             2016,  6, 41, 106, 8.4),
    ('Das Boot',                                                               1981, 10, 42, 149, 8.3),
    ('Oldboy',                                                                 2003,  4, 43, 120, 8.3),
    ('Braveheart',                                                             1995,  2, 44, 178, 8.3),
    ('Princess Mononoke',                                                      1997,  6, 19, 133, 8.3),
    ('Dr. Strangelove or: How I Learned to Stop Worrying and Love the Bomb',   1964,  7, 34,  95, 8.3),
    ('3 Idiots',                                                               2009,  7, 45, 170, 8.4),
    ('American Beauty',                                                        1999,  1, 46, 122, 8.3),
    ('Project Hail Mary',                                                      2026,  3, 47, 156, 8.5),
    ('Capernaum',                                                              2018,  1, 48, 126, 8.4),
    ('Singin'' in the Rain',                                                   1952,  7, 49, 103, 8.3),
    ('Joker',                                                                  2019,  1, 50, 122, 8.3),
    ('Once Upon a Time in America',                                            1984,  5,  8, 229, 8.3),
    ('Come and See',                                                           1985, 10, 51, 142, 8.3),
    ('Star Wars: Episode VI - Return of the Jedi',                             1983,  3, 52, 131, 8.3),
    ('Requiem for a Dream',                                                    2000,  1, 53, 102, 8.3),
    ('Toy Story 3',                                                            2010,  6, 39, 103, 8.3),
    ('Ikiru',                                                                  1952,  1, 16, 143, 8.3),
    ('The Hunt',                                                               2012,  1, 58, 115, 8.3),
    ('Incendies',                                                              2010,  1, 59, 131, 8.3),
    ('Eternal Sunshine of the Spotless Mind',                                  2004,  1, 54, 108, 8.3),
    ('The Apartment',                                                          1960,  7, 33, 125, 8.3);